1;1;01.01.2023;Completed successfully
2;2;02.01.2023;Executed with minor issues
5;3;03.01.2023;Fully completed ahead of schedule
4;4;04.01.2023;Achieved the desired goals
5;5;05.01.2023;Accomplished all tasks assigned
6;6;06.01.2023;Met objectives efficiently
7;7;07.01.2023;Concluded within the timeframe
7;8;08.01.2023;Completed as per instructions
9;19;09.01.2023;Partially completed due to constraints
10;20;10.01.2023;Completed, but with delays
11;21;11.01.2023;Completed with exceptional quality
12;22;12.01.2023;Tasks fulfilled with additional insights
13;23;13.01.2023;Executed according to requirements
4;24;14.01.2023;Met expectations precisely
5;10;15.01.2023;Successfully accomplished tasks
6;11;16.01.2023;Experienced some difficulties, but completed
7;12;17.01.2023;Met objectives, minor adjustments needed
18;13;18.01.2023;Achieved results above expectations
19;14;19.01.2023;Successfully managed challenges
10;15;20.01.2023;Achieved goals with adaptability
1;16;21.01.2023;Completed despite unforeseen obstacles
2;17;22.01.2023;Successful despite initial hindrances
3;18;23.01.2023;Managed to deliver excellent results
4;30;24.01.2023;Completed with precision and accuracy
5;31;25.01.2023;Exceeded set standards successfully
5;32;26.01.2023;Accomplished with meticulous attention
7;33;27.01.2023;Completed efficiently with minor setbacks
8;34;28.01.2023;Satisfactorily concluded within parameters
9;35;29.01.2023;Successfully handled unexpected changes
6;36;30.01.2023;Completed tasks with superior outcomes
1;37;31.01.2023;Performed commendably despite difficulties
7;38;01.02.2023;Achieved objectives with innovative solutions
3;39;02.02.2023;Managed to deliver exceptional output
5;40;03.02.2023;Successfully handled complex tasks
5;41;04.02.2023;Accomplished goals effectively
6;25;05.02.2023;Met expectations and requirements
7;26;06.02.2023;Managed to overcome initial challenges
8;27;07.02.2023;Successfully executed with proficiency
7;28;08.02.2023;Met set targets with skillful execution
5;29;09.02.2023;Adhered to requirements effectively
