Smith;1;1234567890;smith@example.com;Fundraising
Johnson;4;2345678901;johnson@example.com;Admin Support
Williams;4;3456789012;williams@example.com;Event Planning
Brown;1;4567890123;brown@example.com;Community Outreach
Jones;4;5678901234;jones@example.com;Social Media Management
Garcia;3;6789012345;garcia@example.com;Graphic Design
Miller;1;7890123456;miller@example.com;Project Management
Davis;2;8901234567;davis@example.com;Data Entry
Martinez;3;9012345678;martinez@example.com;Fundraising
Wilson;1;2345678900;wilson@example.com;Research
Anderson;2;3456789001;anderson@example.com;Customer Service
Taylor;3;4567890012;taylor@example.com;Public Speaking
Thomas;1;5678900123;thomas@example.com;Marketing
Hernandez;2;6789001234;hernandez@example.com;Volunteer Coordination
Moore;4;7890012345;moore@example.com;IT Support
Perez;1;8900123456;perez@example.com;Writing/Editing
Sanchez;2;9001234567;sanchez@example.com;Counseling
Clark;3;2345678909;clark@example.com;Training/Development
Lewis;4;3456789090;lewis@example.com;Language Translation
Lee;2;4567890901;lee@example.com;Mentoring
Walker;3;5678909012;walker@example.com;Grant Writing
Hall;1;6789090123;hall@example.com;Event Coordination
Young;4;7890901234;young@example.com;Database Management
Allen;3;8909012345;allen@example.com;Finance/Accounting
Wright;4;9012345676;wright@example.com;Human Resources
King;2;2345678902;king@example.com;Event Marketing
Scott;3;3456789023;scott@example.com;Technical Support
Green;1;4567890234;green@example.com;Program Development
Baker;2;5678902345;baker@example.com;Strategic Planning
Peterson;3;6789023456;peterson@example.com;Education/Instruction
Rogers;1;7890234567;rogers@example.com;Healthcare Services
Fisher;2;8902345678;fisher@example.com;Legal Assistance
Murphy;3;9023456789;murphy@example.com;Logistics
Morgan;1;2345678903;morgan@example.com;Public Relations
Cooper;4;3456789034;cooper@example.com;Web Development
Reed;4;4567890345;reed@example.com;Media Relations
Bailey;1;5678903456;bailey@example.com;Art/Music
Kelly;2;6789034567;kelly@example.com;Crisis Management
Howard;3;7890345678;howard@example.com;Inventory Management
Long;1;8903456789;long@example.com;Photography/Videography
Cox;2;9034567890;cox@example.com;Engineering
Diaz;3;2345678904;diaz@example.com;Environmental Conservation
Hayes;1;3456789045;hayes@example.com;Fundraising
Hughes;4;4567890456;hughes@example.com;Youth Development
Flores;3;5678904567;flores@example.com;Fundraising
Washington;1;6789045678;washington@example.com;Social Work
Butler;2;7890456789;butler@example.com;Sales
Simmons;4;8904567890;simmons@example.com;Nonprofit Management
Foster;1;9045678901;foster@example.com;Entrepreneurship
Gonzales;4;1454814540;gonzales@example.com;Animal Care
Bryant;4;1234567890;bryant@example.com;Hospitality
Alexander;1;695350948;alexander@example.com;Fundraising
Russell;2;943833229;russell@example.com;Social Work
Griffin;3;0585878459;griffin@example.com;Sales
Simmons;4;5444784596;simons@example.com;Nonprofit Management
Foster;4;1225623033;foser@example.com;Entrepreneurship
Gonzales;3;2555789455;gonales@example.com;Animal Care
